title,company,location
Junior Frontend Developer (JavaScript),BI Insight,"Hybrydowa / zdalna in Warszawa, mazowieckie"
Python Developer (Django),Centralny Oœrodek Informatyki,"Warszawa, mazowieckie"
Backend/frontend developer,Immunity Systems,"Warszawa, mazowieckie"
Python Developer,Mercer,Hybrydowa / zdalna in 00-807 Warszawa
Python Developer,TC Software,"Warszawa, mazowieckie"
Junior/Mid Python Developer (Inteligentna Automatyzacja),Onwelo,"Zdalna in Warszawa, mazowieckie"
Junior Python Developer,Softax,Zdalna in 04-028 Warszawa
Python Developer,Order Group,"Hybrydowa / zdalna in Warszawa, mazowieckie"
Python Developer,Enzode,"Zdalna in Warszawa, mazowieckie"
Python Developer Mid/Senior,Softwarely,"Zdalna in Warszawa, mazowieckie"
Junior Fullstack Developer,Human Exponent Inc.,"Zdalna in Warszawa, mazowieckie"
Python/Perl Developer,Smart-HR,"Zdalna in Warszawa, mazowieckie"
Junior Python Developer in Quantitative Research Team - Anal...,"JPMorgan Chase Bank, N.A.","Warszawa, mazowieckie"
Junior GIS Developer,EnviroSolutions Sp. z o.o.,01-460 Warszawa
Senior Python Developer - Dealavo,Bee Talents,"Warszawa, mazowieckie"
